{"cameraMode":{"drawMode":0,"name":"Shaded","section":"Shading Mode"},"sceneLighting":false,"audioPlay":false,"sceneViewState":{"showFog":true,"showMaterialUpdate":false,"showSkybox":true,"showFlares":true,"showImageEffects":true,"showParticleSystems":true},"in2DMode":false,"pivot":{"x":3.6171875,"y":-4.340498924255371,"z":34.49267578125},"rotation":{"x":0.01457391306757927,"y":0.3578031361103058,"z":0.005567255429923534,"w":-0.9336667060852051},"size":36.858367919921878,"orthographic":true}