{"cameraMode":{"drawMode":0,"name":"Shaded","section":"Shading Mode"},"sceneLighting":false,"audioPlay":false,"sceneViewState":{"showFog":true,"showMaterialUpdate":false,"showSkybox":true,"showFlares":true,"showImageEffects":true,"showParticleSystems":true},"in2DMode":false,"pivot":{"x":5.129550457000732,"y":-4.203129768371582,"z":-0.8325061202049255},"rotation":{"x":0.03377256542444229,"y":0.9581107497215271,"z":0.127210333943367,"w":-0.2543652653694153},"size":10.133790016174317,"orthographic":true}