{"cameraMode":{"drawMode":0,"name":"Shaded","section":"Shading Mode"},"sceneLighting":true,"audioPlay":false,"sceneViewState":{"showFog":true,"showMaterialUpdate":false,"showSkybox":true,"showFlares":true,"showImageEffects":true,"showParticleSystems":true},"in2DMode":false,"pivot":{"x":-0.0003834962844848633,"y":-4.27625036239624,"z":-0.07451057434082031},"rotation":{"x":-0.0034535054583102466,"y":0.9894858002662659,"z":-0.14256876707077027,"w":-0.024087589234113694},"size":20.093873977661134,"orthographic":true}