{"cameraMode":{"drawMode":0,"name":"Shaded","section":"Shading Mode"},"sceneLighting":false,"audioPlay":false,"sceneViewState":{"showFog":true,"showMaterialUpdate":false,"showSkybox":true,"showFlares":true,"showImageEffects":true,"showParticleSystems":true},"in2DMode":false,"pivot":{"x":1.64479398727417,"y":-0.14572449028491975,"z":-54.581790924072269},"rotation":{"x":-0.03810333088040352,"y":0.9309803247451782,"z":-0.10178492963314057,"w":-0.34851622581481936},"size":3.118433952331543,"orthographic":true}